{"_step":0,"val_accuracy":13,"_wandb":{"runtime":0},"_timestamp":1.7483150695779521e+09,"_runtime":0.3910557}