{"val_accuracy":13,"_timestamp":1.7483149783741128e+09,"_runtime":0.4604496,"_wandb":{"runtime":0},"_step":0}