{"val_accuracy":24,"_timestamp":1.7483149450552826e+09,"_runtime":0.3768238,"_step":0,"_wandb":{"runtime":0}}