{"val_accuracy":12,"_timestamp":1.7483149312816882e+09,"_runtime":0.4071052,"_step":0,"_wandb":{"runtime":0}}