{"_wandb":{"runtime":0},"val_accuracy":16,"_timestamp":1.7483149359130802e+09,"_runtime":0.4305967,"_step":0}