{"_timestamp":1.7483150764414499e+09,"_runtime":0.4545992,"_step":0,"_wandb":{"runtime":0},"val_accuracy":19}