{"_wandb":{"runtime":0},"_timestamp":1.74831507528346e+09,"_runtime":0.4072896,"_step":0,"val_accuracy":18}