{"_wandb":{"runtime":0},"val_accuracy":31,"_timestamp":1.7483149993253984e+09,"_runtime":0.3763293,"_step":0}