{"_wandb":{"runtime":0},"val_accuracy":8,"_timestamp":1.748315063983932e+09,"_runtime":0.3891641,"_step":0}