{"_step":0,"_wandb":{"runtime":0},"val_accuracy":21,"_timestamp":1.7483150787799258e+09,"_runtime":0.418761}