{"_wandb":{"runtime":0},"_runtime":0.440162,"_step":0,"val_accuracy":30,"_timestamp":1.7483150894086914e+09}