{"_wandb":{"runtime":0},"val_accuracy":23,"_timestamp":1.748314990117548e+09,"_runtime":0.3977535,"_step":0}