{"val_accuracy":15,"_timestamp":1.748314980570731e+09,"_runtime":0.3778342,"_step":0,"_wandb":{"runtime":0}}