{"_runtime":0.3859853,"_step":0,"_wandb":{"runtime":0},"val_accuracy":6,"_timestamp":1.748315061819489e+09}