{"_runtime":0.3961585,"_wandb":{"runtime":0},"_step":0,"val_accuracy":29,"_timestamp":1.7483149970663035e+09}