{"_step":0,"val_accuracy":5,"_timestamp":1.7483150606079957e+09,"_runtime":0.4070202,"_wandb":{"runtime":0}}