{"val_accuracy":21,"_timestamp":1.748314987803787e+09,"_runtime":0.4056209,"_step":0,"_wandb":{"runtime":0}}