{"val_accuracy":3,"_timestamp":1.7483149670632823e+09,"_runtime":0.4132394,"_step":0,"_wandb":{"runtime":0}}