{"val_accuracy":16,"_timestamp":1.7483149818996773e+09,"_wandb":{"runtime":0},"_runtime":0.432963,"_step":0}