{"val_accuracy":10,"_timestamp":1.7483149750712614e+09,"_runtime":0.3794774,"_step":0,"_wandb":{"runtime":0}}