{"_runtime":0.4041339,"_step":0,"_wandb":{"runtime":0},"val_accuracy":20,"_timestamp":1.7483150776005473e+09}