{"_wandb":{"runtime":0},"val_accuracy":27,"_timestamp":1.748315085924846e+09,"_runtime":0.4094839,"_step":0}