{"_wandb":{"runtime":0},"val_accuracy":25,"_timestamp":1.7483149923697896e+09,"_runtime":0.3986257,"_step":0}