{"_step":0,"_wandb":{"runtime":0},"val_accuracy":1,"_timestamp":1.748314917997263e+09,"_runtime":0.6285082}