{"val_accuracy":24,"_timestamp":1.74831499129153e+09,"_runtime":0.4367375,"_step":0,"_wandb":{"runtime":0}}