{"_runtime":0.3904613,"_step":0,"val_accuracy":25,"_wandb":{"runtime":0},"_timestamp":1.748314946202982e+09}