{"_step":0,"val_accuracy":27,"_wandb":{"runtime":0},"_timestamp":1.7483149484775653e+09,"_runtime":0.4274774}