{"val_accuracy":17,"_timestamp":1.7483149370432365e+09,"_runtime":0.4560616,"_step":0,"_wandb":{"runtime":0}}