{"_timestamp":1.7483149704480584e+09,"_runtime":0.4360756,"_step":0,"_wandb":{"runtime":0},"val_accuracy":6}