{"_runtime":0.383676,"_step":0,"val_accuracy":9,"_wandb":{"runtime":0},"_timestamp":1.7483149278285692e+09}