{"_runtime":0.4158207,"_step":0,"val_accuracy":2,"_timestamp":1.7483150572375062e+09,"_wandb":{"runtime":0}}