{"_runtime":0.404723,"_step":0,"_wandb":{"runtime":0},"val_accuracy":12,"_timestamp":1.7483150684064436e+09}