{"_timestamp":1.7483150870438747e+09,"_runtime":0.3890062,"_step":0,"_wandb":{"runtime":0},"val_accuracy":28}