{"_wandb":{"runtime":0},"val_accuracy":14,"_timestamp":1.748314933453305e+09,"_runtime":0.3867835,"_step":0}