{"val_accuracy":10,"_timestamp":1.7483149289487154e+09,"_runtime":0.4030676,"_step":0,"_wandb":{"runtime":0}}