{"val_accuracy":24,"_timestamp":1.7483150824546204e+09,"_runtime":0.4221558,"_step":0,"_wandb":{"runtime":0}}