{"_wandb":{"runtime":0},"_runtime":0.3837704,"_step":0,"val_accuracy":16,"_timestamp":1.7483150730859444e+09}