{"_step":0,"val_accuracy":3,"_timestamp":1.7483150583236518e+09,"_runtime":0.4061687,"_wandb":{"runtime":0}}