{"val_accuracy":17,"_timestamp":1.7483150741329339e+09,"_runtime":0.3684905,"_wandb":{"runtime":0},"_step":0}