{"_wandb":{"runtime":0},"val_accuracy":28,"_timestamp":1.7483149495813696e+09,"_runtime":0.3936342,"_step":0}