{"val_accuracy":22,"_timestamp":1.7483149889822905e+09,"_runtime":0.4221063,"_wandb":{"runtime":0},"_step":0}