{"val_accuracy":15,"_wandb":{"runtime":0},"_timestamp":1.7483149346713247e+09,"_runtime":0.5235338,"_step":0}