{"val_accuracy":20,"_timestamp":1.748314986603876e+09,"_runtime":0.4208373,"_step":0,"_wandb":{"runtime":0}}