{"_wandb":{"runtime":0},"val_accuracy":30,"_timestamp":1.7483149981856186e+09,"_runtime":0.4003775,"_step":0}