{"val_accuracy":19,"_timestamp":1.74831493931356e+09,"_runtime":0.3882329,"_step":0,"_wandb":{"runtime":0}}