{"_wandb":{"runtime":0},"val_accuracy":14,"_timestamp":1.7483150707860894e+09,"_runtime":0.4338401,"_step":0}