{"_runtime":0.4239668,"_wandb":{"runtime":0},"_step":0,"val_accuracy":9,"_timestamp":1.7483150650487826e+09}