{"val_accuracy":22,"_timestamp":1.748315080047419e+09,"_wandb":{"runtime":0},"_runtime":0.3749463,"_step":0}