{"_wandb":{"runtime":0},"_step":0,"val_accuracy":10,"_timestamp":1.7483150662273073e+09,"_runtime":0.4712975}