{"val_accuracy":1,"_wandb":{"runtime":0},"_timestamp":1.7483150561177735e+09,"_runtime":0.5431298,"_step":0}