{"_runtime":0.4061628,"_step":0,"_wandb":{"runtime":0},"val_accuracy":26,"_timestamp":1.7483149473678515e+09}