{"_timestamp":1.7483149416384068e+09,"_runtime":0.4273666,"_step":0,"_wandb":{"runtime":0},"val_accuracy":21}