{"val_accuracy":19,"_timestamp":1.7483149854056005e+09,"_runtime":0.4137729,"_step":0,"_wandb":{"runtime":0}}