{"val_accuracy":26,"_timestamp":1.748314993565564e+09,"_runtime":0.3961085,"_step":0,"_wandb":{"runtime":0}}