{"_runtime":0.4092447,"_step":0,"_wandb":{"runtime":0},"val_accuracy":1,"_timestamp":1.7483149641772513e+09}