{"_timestamp":1.7483149404256203e+09,"_wandb":{"runtime":0},"_runtime":0.4321929,"_step":0,"val_accuracy":20}