{"_wandb":{"runtime":0},"val_accuracy":2,"_timestamp":1.7483149192223415e+09,"_runtime":0.4816702,"_step":0}