{"_runtime":0.3587894,"_step":0,"_wandb":{"runtime":0},"val_accuracy":11,"_timestamp":1.7483149301031148e+09}