{"_timestamp":1.7483149382260659e+09,"_runtime":0.3966242,"_step":0,"_wandb":{"runtime":0},"val_accuracy":18}