{"_timestamp":1.7483150628419292e+09,"_runtime":0.3971006,"_step":0,"val_accuracy":7,"_wandb":{"runtime":0}}