{"_runtime":0.3679203,"_step":0,"_wandb":{"runtime":0},"val_accuracy":23,"_timestamp":1.748315081367743e+09}