{"_wandb":{"runtime":0},"val_accuracy":22,"_timestamp":1.7483149427859013e+09,"_runtime":0.3638142,"_step":0}