{"val_accuracy":8,"_timestamp":1.74831492661207e+09,"_runtime":0.4273909,"_step":0,"_wandb":{"runtime":0}}