{"_timestamp":1.7483150835787978e+09,"_runtime":0.3888813,"_step":0,"_wandb":{"runtime":0},"val_accuracy":25}