{"_step":0,"_wandb":{"runtime":0},"val_accuracy":13,"_timestamp":1.7483149324033093e+09,"_runtime":0.4022875}