{"_runtime":0.3889452,"_step":0,"_wandb":{"runtime":0},"val_accuracy":4,"_timestamp":1.7483150594270518e+09}