{"_step":0,"val_accuracy":4,"_wandb":{"runtime":0},"_timestamp":1.7483149681120143e+09,"_runtime":0.4080087}