{"_wandb":{"runtime":0},"_timestamp":1.7483149946922393e+09,"_runtime":0.4031925,"_step":0,"val_accuracy":27}