{"_wandb":{"runtime":0},"val_accuracy":3,"_timestamp":1.7483149204836667e+09,"_runtime":0.3737613,"_step":0}