{"_runtime":0.4377887,"_step":0,"_wandb":{"runtime":0},"val_accuracy":7,"_timestamp":1.7483149715957484e+09}