{"_wandb":{"runtime":0},"val_accuracy":23,"_timestamp":1.7483149440358157e+09,"_runtime":0.3989999,"_step":0}