{"_timestamp":1.7483149229081285e+09,"_wandb":{"runtime":0},"_runtime":0.4754355,"_step":0,"val_accuracy":5}