{"_runtime":0.4287618,"_step":0,"_wandb":{"runtime":0},"val_accuracy":15,"_timestamp":1.7483150719521973e+09}