{"val_accuracy":31,"_timestamp":1.7483150905692515e+09,"_runtime":0.4385654,"_step":0,"_wandb":{"runtime":0}}