{"val_accuracy":11,"_wandb":{"runtime":0},"_timestamp":1.748315067322311e+09,"_runtime":0.376077,"_step":0}