{"_step":0,"val_accuracy":6,"_timestamp":1.7483149240905015e+09,"_wandb":{"runtime":0},"_runtime":0.4412691}