{"_runtime":0.4245494,"_step":0,"val_accuracy":4,"_wandb":{"runtime":0},"_timestamp":1.748314921696787e+09}