{"_step":0,"_wandb":{"runtime":0},"val_accuracy":18,"_timestamp":1.7483149842295775e+09,"_runtime":0.4026928}