{"_step":0,"_wandb":{"runtime":0},"val_accuracy":14,"_timestamp":1.7483149795251758e+09,"_runtime":0.4133058}