{"_wandb":{"runtime":0},"_runtime":0.493301,"_step":0,"val_accuracy":7,"_timestamp":1.7483149254038393e+09}