{"_wandb":{"runtime":0},"val_accuracy":2,"_timestamp":1.7483149654569414e+09,"_runtime":0.3842755,"_step":0}