{"_runtime":0.3972613,"_step":0,"_wandb":{"runtime":0},"val_accuracy":29,"_timestamp":1.7483150882693498e+09}