{"_wandb":{"runtime":0},"val_accuracy":5,"_timestamp":1.7483149693200426e+09,"_runtime":0.4299482,"_step":0}