{"_runtime":0.3954094,"_wandb":{"runtime":0},"_step":0,"val_accuracy":26,"_timestamp":1.7483150846251502e+09}