{"val_accuracy":9,"_wandb":{"runtime":0},"_timestamp":1.7483149739311104e+09,"_runtime":0.452843,"_step":0}