{"_runtime":0.3943952,"_step":0,"_wandb":{"runtime":0},"val_accuracy":8,"_timestamp":1.7483149727295516e+09}