{"val_accuracy":28,"_timestamp":1.7483149957890117e+09,"_runtime":0.4353592,"_step":0,"_wandb":{"runtime":0}}