{"_wandb":{"runtime":0},"_runtime":0.4318227,"_step":0,"val_accuracy":11,"_timestamp":1.74831497618533e+09}