{"_timestamp":1.7483149829982271e+09,"_runtime":0.401897,"_step":0,"_wandb":{"runtime":0},"val_accuracy":17}