{"_wandb":{"runtime":0},"val_accuracy":12,"_timestamp":1.7483149772612474e+09,"_runtime":0.370527,"_step":0}